Precision,Recall,F1 Score,F0.5 Score,Specificity
0.8388888888888889,0.8206521739130435,0.8296703296703296,0.8351769911504426,0.8193146417445483
