Precision,Recall,F1 Score,F0.5 Score,Specificity
0.9261315115286081,0.9218019549511263,0.9239616613418531,0.9252623496288714,0.732612055641422
