Precision,Recall,F1 Score,F0.5 Score,Specificity
0.9411978221415608,0.9159307665135994,0.9283924095954171,0.9360334993863259,0.04142011834319527
