Precision,Recall,F1 Score,F0.5 Score,Specificity
0.9410388394946186,0.8449579831932773,0.8904139915873367,0.9201134699853586,0.7967741935483871
