Precision,Recall,F1 Score,F0.5 Score,Specificity
0.9465558194774347,0.8371848739495799,0.8885172798216278,0.9224537037037037,0.0625
