Precision,Recall,F1 Score,F0.5 Score,Specificity
0.8679867986798679,0.7032085561497327,0.7769571639586411,0.8291298865069358,0.873015873015873
