Precision,Recall,F1 Score,F0.5 Score,Specificity
0.8485714285714285,0.8048780487804879,0.8261474269819193,0.8394573205200677,0.834375
