Precision,Recall,F1 Score,F0.5 Score,Specificity
0.9294623655913978,0.9168434450572762,0.9231097821443828,0.9269108690057476,0.744945567651633
