Precision,Recall,F1 Score,F0.5 Score,Specificity
0.9412196914033799,0.9046610169491526,0.9225783219301404,0.9336734693877552,0.047619047619047616
